<?xml version="1.0" encoding="UTF-8"?>
<!DOCTYPE mapper PUBLIC "-//mybatis.org//DTD Mapper 3.0//EN" "http://mybatis.org/dtd/mybatis-3-mapper.dtd">
<mapper namespace="com.tsrs.webedi.modular.system.persistence.dao.BpesthdrMapper">

	<!-- 通用查询映射结果 -->
	<resultMap id="BaseResultMap" type="com.tsrs.webedi.modular.system.persistence.model.Bpesthdr">
		<id column="bp_est_hid" property="bpEstHid" />
		<result column="bp_est_no" property="bpEstNo" />
		<result column="bp_est_request_no" property="bpEstRequestNo" />
		<result column="use_flg" property="useFlg" />
		<result column="bp_est_amt_without_tax" property="bpEstAmtWithoutTax" />
		<result column="work_start_ymd" property="workStartYmd" />
		<result column="work_end_ymd" property="workEndYmd" />
		<result column="project_no" property="projectNo" />
		<result column="project_nm" property="projectNm" />
		<result column="work_content" property="workContent" />
		<result column="work_place" property="workPlace" />
		<result column="bp_est_content" property="bpEstContent" />
		<result column="special_affairs" property="specialAffairs" />
		<result column="remark" property="remark" />
		<result column="sys_ins_user_id" property="sysInsUserId" />
		<result column="sys_ins_dt" property="sysInsDt" />
		<result column="sys_ins_pg_id" property="sysInsPgId" />
		<result column="sys_upd_user_id" property="sysUpdUserId" />
		<result column="sys_upd_dt" property="sysUpdDt" />
		<result column="sys_upd_pg_id" property="sysUpdPgId" />
	</resultMap>

</mapper>
