<?xml version="1.0" encoding="UTF-8"?>
<!DOCTYPE mapper PUBLIC "-//mybatis.org//DTD Mapper 3.0//EN" "http://mybatis.org/dtd/mybatis-3-mapper.dtd">
<mapper namespace="com.tsrs.webedi.modular.system.persistence.dao.BpshippingorderMapper">

	<!-- 通用查询映射结果 -->
	<resultMap id="BaseResultMap" type="com.tsrs.webedi.modular.system.persistence.model.Bpshippingorder">
		<id column="bp_shipping_order_id" property="bpShippingOrderId" />
		<result column="bp_shipping_order_no" property="bpShippingOrderNo" />
		<result column="bp_estimation_id" property="bpEstimationId" />
		<result column="bp_estimation_no" property="bpEstimationNo" />
		<result column="bp_estimation_request_id" property="bpEstimationRequestId" />
		<result column="bp_estimation_request_no" property="bpEstimationRequestNo" />
		<result column="use_flg" property="useFlg" />
		<result column="order_hid" property="orderHid" />
		<result column="order_amt_without_tax" property="orderAmtWithoutTax" />
		<result column="work_start_ymd" property="workStartYmd" />
		<result column="work_end_ymd" property="workEndYmd" />
		<result column="project_no" property="projectNo" />
		<result column="project_nm" property="projectNm" />
		<result column="work_content" property="workContent" />
		<result column="work_place" property="workPlace" />
		<result column="order_content" property="orderContent" />
		<result column="order_special_affairs" property="orderSpecialAffairs" />
		<result column="order_remark" property="orderRemark" />
		<result column="order_doc_file_id" property="orderDocFileId" />
		<result column="sys_ins_user_id" property="sysInsUserId" />
		<result column="sys_ins_dt" property="sysInsDt" />
		<result column="sys_ins_pg_id" property="sysInsPgId" />
		<result column="sys_upd_user_id" property="sysUpdUserId" />
		<result column="sys_upd_dt" property="sysUpdDt" />
		<result column="sys_upd_pg_id" property="sysUpdPgId" />
	</resultMap>

</mapper>
