<?xml version="1.0" encoding="UTF-8"?>
<!DOCTYPE mapper PUBLIC "-//mybatis.org//DTD Mapper 3.0//EN" "http://mybatis.org/dtd/mybatis-3-mapper.dtd">
<mapper namespace="com.tsrs.webedi.modular.system.persistence.dao.OrderconfirmMapper">

    <!-- 通用查询映射结果 -->
    <resultMap id="BaseResultMap" type="com.tsrs.webedi.modular.system.persistence.model.Orderconfirm">
        <id column="order_id" property="orderId" />
        <result column="order_confirm_user_id" property="orderConfirmUserId" />
        <result column="order_confirm_dt" property="orderConfirmDt" />
        <result column="order_confirm_remark" property="orderConfirmRemark" />
        <result column="sys_ins_user_id" property="sysInsUserId" />
        <result column="sys_ins_dt" property="sysInsDt" />
        <result column="sys_ins_pg_id" property="sysInsPgId" />
        <result column="sys_upd_user_id" property="sysUpdUserId" />
        <result column="sys_upd_dt" property="sysUpdDt" />
        <result column="sys_upd_pg_id" property="sysUpdPgId" />
    </resultMap>

</mapper>
