<?xml version="1.0" encoding="UTF-8"?>
<!DOCTYPE mapper PUBLIC "-//mybatis.org//DTD Mapper 3.0//EN" "http://mybatis.org/dtd/mybatis-3-mapper.dtd">
<mapper namespace="com.tsrs.webedi.modular.system.persistence.dao.RequestapplydtlMapper">

	<!-- 通用查询映射结果 -->
	<resultMap id="BaseResultMap" type="com.tsrs.webedi.modular.system.persistence.model.Requestapplydtl">
		<id column="req_apply_did" property="reqApplyDid" />
		<result column="req_apply_hid" property="reqApplyHid" />
		<result column="display_order" property="displayOrder" />
		<result column="accept_user_id" property="acceptUserId" />
		<result column="confirm_st" property="confirmSt" />
		<result column="con_rej_comment" property="conRejComment" />
		<result column="con_rej_dt" property="conRejDt" />
		<result column="sys_ins_user_id" property="sysInsUserId" />
		<result column="sys_ins_dt" property="sysInsDt" />
		<result column="sys_ins_pg_id" property="sysInsPgId" />
		<result column="sys_upd_user_id" property="sysUpdUserId" />
		<result column="sys_upd_dt" property="sysUpdDt" />
		<result column="sys_upd_pg_id" property="sysUpdPgId" />
	</resultMap>

</mapper>
