<?xml version="1.0" encoding="UTF-8"?>
<!DOCTYPE mapper PUBLIC "-//mybatis.org//DTD Mapper 3.0//EN" "http://mybatis.org/dtd/mybatis-3-mapper.dtd">
<mapper namespace="com.tsrs.webedi.modular.system.persistence.dao.SalescostdtlMapper">

	<!-- 通用查询映射结果 -->
	<resultMap id="BaseResultMap" type="com.tsrs.webedi.modular.system.persistence.model.Salescostdtl">
		<id column="sales_id" property="salesId" />
		<result column="payment_dat" property="paymentDat" />
		<result column="pj_nm" property="pjNm" />
		<result column="bp_comp_id" property="bpCompId" />
		<result column="bp_comp_emp_nm" property="bpCompEmpNm" />
		<result column="bp_cost_price" property="bpCostPrice" />
		<result column="bp_cost_amt_without_tax" property="bpCostAmtWithoutTax" />
		<result column="bp_cost_tax" property="bpCostTax" />
		<result column="bp_cost_amt_with_tax" property="bpCostAmtWithTax" />
		<result column="payment_plan_d" property="paymentPlanD" />
		<result column="payment_due_k" property="paymentDueK" />
		<result column="pay_month_k" property="payMonthK" />
		<result column="pay_plan_d" property="payPlanD" />
		<result column="salary_pay_plan_dt" property="salaryPayPlanDt" />
		<result column="sales_cost_remark" property="salesCostRemark" />
		<result column="sys_ins_user_id" property="sysInsUserId" />
		<result column="sys_ins_dt" property="sysInsDt" />
		<result column="sys_ins_pg_id" property="sysInsPgId" />
		<result column="sys_upd_user_id" property="sysUpdUserId" />
		<result column="sys_upd_dt" property="sysUpdDt" />
		<result column="sys_upd_pg_id" property="sysUpdPgId" />
	</resultMap>

</mapper>
