<?xml version="1.0" encoding="UTF-8"?>
<!DOCTYPE mapper PUBLIC "-//mybatis.org//DTD Mapper 3.0//EN" "http://mybatis.org/dtd/mybatis-3-mapper.dtd">
<mapper namespace="com.tsrs.webedi.modular.system.dao.JobtitleDao">

	<!-- 通用查询映射结果 -->
	<resultMap id="BaseResultMap" type="com.tsrs.webedi.modular.system.persistence.model.Jobtitle">
		<id column="job_title_cd" property="jobTitleCd" />
		<result column="job_title_nm" property="jobTileNm" />
		<result column="use_flg" property="useFlg" />
		<result column="sys_ins_user_id" property="sysInsUserId" />
		<result column="sys_ins_dt" property="sysInsDt" />
		<result column="sys_ins_pg_id" property="sysInsPgId" />
		<result column="sys_upd_user_id" property="sysUpdUserId" />
		<result column="sys_upd_dt" property="sysUpdDt" />
		<result column="sys_upd_pg_id" property="sysUpdPgId" />
	</resultMap>
	<select id="getJobList" resultType="com.tsrs.webedi.common.persistence.model.LabelValueBean">
			select
			  t.job_title_cd as value
			  , t.job_title_nm as label
			from jobtitle t
				where use_flg ='Y'
	</select>
</mapper>
