<?xml version="1.0" encoding="UTF-8"?>
<!DOCTYPE mapper PUBLIC "-//mybatis.org//DTD Mapper 3.0//EN" "http://mybatis.org/dtd/mybatis-3-mapper.dtd">
<mapper namespace="com.tsrs.webedi.modular.system.dao.LogDao">

    <select id="getOperationLogs" resultType="map">
        select * from operation_log where 1 = 1
        <if test="beginTime != null and beginTime !='' and endTime != null and endTime != ''">
            and (createTime between CONCAT(#{beginTime},' 00:00:00') and CONCAT(#{endTime},' 23:59:59'))
        </if>
        <if test="logName != null and logName !=''">
            and logname like CONCAT('%',#{logName},'%')
        </if>
        <if test="logType != null and logType !=''">
            and logtype like CONCAT('%',#{logType},'%')
        </if>
        <choose>
            <when test="orderByField != null and orderByField !=''">
                <choose>
                    <when test="isAsc == true">
                        order by ${orderByField} ASC
                    </when>
                    <otherwise>
                        order by ${orderByField} DESC
                    </otherwise>
                </choose>
            </when>
            <otherwise>
                order by createtime DESC
            </otherwise>
        </choose>
    </select>

    <select id="getLoginLogs" resultType="map" parameterType="com.baomidou.mybatisplus.plugins.Page">
        select * from login_log where 1 = 1
        <if test="beginTime != null and beginTime !='' and endTime != null and endTime != ''">
            and (createTime between CONCAT(#{beginTime},' 00:00:00') and CONCAT(#{endTime},' 23:59:59'))
        </if>
        <if test="logName != null and logName !=''">
            and logname like CONCAT('%',#{logName},'%')
        </if>
        <choose>
            <when test="orderByField != null and orderByField !=''">
                <choose>
                    <when test="isAsc == true">
                        order by ${orderByField} ASC
                    </when>
                    <otherwise>
                        order by ${orderByField} DESC
                    </otherwise>
                </choose>
            </when>
            <otherwise>
                order by createtime DESC
            </otherwise>
        </choose>
    </select>
</mapper>