<?xml version="1.0" encoding="UTF-8"?>
<!DOCTYPE mapper PUBLIC "-//mybatis.org//DTD Mapper 3.0//EN" "http://mybatis.org/dtd/mybatis-3-mapper.dtd">
<mapper namespace="com.tsrs.webedi.modular.system.persistence.dao.RatiomgrMapper">

	<!-- 通用查询映射结果 -->
	<resultMap id="BaseResultMap" type="com.tsrs.webedi.modular.system.persistence.model.Ratiomgr">
		<id column="ratio_mgr_id" property="ratioMgrId" />
		<result column="ratio_type" property="ratioType" />
		<result column="start_dt" property="startDt" />
		<result column="end_dt" property="endDt" />
		<result column="age_from" property="ageFrom" />
		<result column="age_to" property="ageTo" />
		<result column="ratio" property="ratio" />
		<result column="sys_ins_user_id" property="sysInsUserId" />
		<result column="sys_ins_dt" property="sysInsDt" />
		<result column="sys_ins_pg_id" property="sysInsPgId" />
		<result column="sys_upd_user_id" property="sysUpdUserId" />
		<result column="sys_upd_dt" property="sysUpdDt" />
		<result column="sys_upd_pg_id" property="sysUpdPgId" />
	</resultMap>

</mapper>
