<?xml version="1.0" encoding="UTF-8"?>
<!DOCTYPE mapper PUBLIC "-//mybatis.org//DTD Mapper 3.0//EN" "http://mybatis.org/dtd/mybatis-3-mapper.dtd">
<mapper namespace="com.tsrs.webedi.common.persistence.dao.DeptMapper">

	<!-- 通用查询映射结果 -->
	<resultMap id="BaseResultMap" type="com.tsrs.webedi.common.persistence.model.Dept">
		<id column="id" property="id" />
		<result column="num" property="num" />
		<result column="pid" property="pid" />
		<result column="simplename" property="simplename" />
		<result column="fullname" property="fullname" />
		<result column="tips" property="tips" />
		<result column="version" property="version" />
	</resultMap>

</mapper>
