<?xml version="1.0" encoding="UTF-8"?>
<!DOCTYPE mapper PUBLIC "-//mybatis.org//DTD Mapper 3.0//EN" "http://mybatis.org/dtd/mybatis-3-mapper.dtd">
<mapper namespace="com.tsrs.webedi.common.persistence.dao.LoginLogMapper">

	<!-- 通用查询映射结果 -->
	<resultMap id="BaseResultMap" type="com.tsrs.webedi.common.persistence.model.LoginLog">
		<id column="id" property="id" />
		<result column="logname" property="logname" />
		<result column="userid" property="userid" />
		<result column="createtime" property="createtime" />
		<result column="succeed" property="succeed" />
		<result column="message" property="message" />
		<result column="ip" property="ip" />
	</resultMap>

</mapper>
