<?xml version="1.0" encoding="UTF-8"?>
<!DOCTYPE mapper PUBLIC "-//mybatis.org//DTD Mapper 3.0//EN" "http://mybatis.org/dtd/mybatis-3-mapper.dtd">
<mapper namespace="com.tsrs.webedi.common.persistence.dao.MenuMapper">

	<!-- 通用查询映射结果 -->
	<resultMap id="BaseResultMap" type="com.tsrs.webedi.common.persistence.model.Menu">
		<id column="menu_id" property="menuId" />
		<result column="menu_nm" property="menuNm" />
		<result column="use_flg" property="useFlg" />
		<result column="menu_path" property="menuPath" />
		<result column="menu_componet" property="menuComponet" />
		<result column="menu_icon" property="menuIcon" />
		<result column="sys_ins_user_id" property="sysInsUserId" />
		<result column="sys_ins_dt" property="sysInsDt" />
		<result column="sys_ins_pg_id" property="sysInsPgId" />
		<result column="sys_upd_user_id" property="sysUpdUserId" />
		<result column="sys_upd_dt" property="sysUpdDt" />
		<result column="sys_upd_pg_id" property="sysUpdPgId" />
	</resultMap>

</mapper>
