<?xml version="1.0" encoding="UTF-8"?>
<!DOCTYPE mapper PUBLIC "-//mybatis.org//DTD Mapper 3.0//EN" "http://mybatis.org/dtd/mybatis-3-mapper.dtd">
<mapper namespace="com.tsrs.webedi.common.persistence.dao.ProgramMapper">

	<!-- 通用查询映射结果 -->
	<resultMap id="BaseResultMap" type="com.tsrs.webedi.common.persistence.model.Program">
		<id column="pg_id" property="pgId" />
		<result column="pg_nm" property="pgNm" />
		<result column="use_flg" property="useFlg" />
		<result column="pg_remark" property="pgRemark" />
		<result column="pg_path" property="pgPath" />
		<result column="pg_componet" property="pgComponet" />
		<result column="pg_icon" property="pgIcon" />
		<result column="pg_redirect" property="pgRedirect" />
		<result column="pg_props" property="pgProps" />
		<result column="menu_display_flg" property="menuDisplayFlg" />
		<result column="sys_ins_user_id" property="sysInsUserId" />
		<result column="sys_ins_dt" property="sysInsDt" />
		<result column="sys_ins_pg_id" property="sysInsPgId" />
		<result column="sys_upd_user_id" property="sysUpdUserId" />
		<result column="sys_upd_dt" property="sysUpdDt" />
		<result column="sys_upd_pg_id" property="sysUpdPgId" />
	</resultMap>

</mapper>
