<?xml version="1.0" encoding="UTF-8"?>
<!DOCTYPE mapper PUBLIC "-//mybatis.org//DTD Mapper 3.0//EN" "http://mybatis.org/dtd/mybatis-3-mapper.dtd">
<mapper namespace="com.tsrs.webedi.common.persistence.dao.SysfilemgrMapper">

	<!-- 通用查询映射结果 -->
	<resultMap id="BaseResultMap" type="com.tsrs.webedi.common.persistence.model.Sysfilemgr">
		<id column="file_id" property="fileId" />
		<result column="file_ext" property="fileExt" />
		<result column="mime_type" property="mimeType" />
		<result column="file_nm" property="fileNm" />
		<result column="file_path" property="filePath" />
		<result column="file_size" property="fileSize" />
		<result column="file_user_id" property="fileUserId" />
		<result column="file_ymd" property="fileYmd" />
		<result column="use_flg" property="useFlg" />
		<result column="sys_ins_user_id" property="sysInsUserId" />
		<result column="sys_ins_dt" property="sysInsDt" />
		<result column="sys_ins_pg_id" property="sysInsPgId" />
		<result column="sys_upd_user_id" property="sysUpdUserId" />
		<result column="sys_upd_dt" property="sysUpdDt" />
		<result column="sys_upd_pg_id" property="sysUpdPgId" />
	</resultMap>

</mapper>
